Building name,District,Capacity Installed (kW),Latitude,Longitude
SIO Office,Etah,4,,
SIO Office,Pilibhit,4,,
SIO Office,Bahraich,4,,
SIO Office,Etawah,4,,
SIO Office,Baghpat,4,,
SIO Office,Mau,4,,
Police Adhikshak,Meerut,4,28.9855886,77.71939842
Police Adhikshak,Meerut,4,28.98652168,77.71970309
Police Adhikshak,Agra,4,27.17805111,78.0068676
Police Adhikshak,Agra,4,27.17849807,78.00782113
Police Adhikshak,Moradabad,4,28.85298172,78.75871809
Police Adhikshak,Moradabad,4,28.85298172,78.75871809
Police Adhikshak,Bareilly,4,28.34374709,79.42043551
Police Adhikshak,Bareilly,4,28.34374709,79.42043551
Mandaladhikari Office,Aligarh,4,27.90452305,78.07131013
SIO Office,Bulandshahr,4,,
SIO Office,Mathura,4,,
SIO Office,Firozabad,4,,
Police Adhikshak,Lucknow,4,26.88337123,80.95946941
Police Adhikshak,Lucknow,4,26.86618281,80.92445234
Mandaladhikari Office,Azamgarh,4,26.044329,83.18621021
Mandaladhikari Office,Gonda,4,27.12933173,81.94231613
SIO Office,Rae Bareli,4,,
SIO Office,Shahjahanpur,4,,
SIO Office,Deoria,4,,
SIO Office,Jaunpur,4,,
SIO Office,Bhadohi,4,,
SIO Office,Kanpur Dehat,4,,
Police Line Colony,Sitapur,4,27.56307391,80.68970105
"Primary School, Police Line",Ghazipur,4,25.56821327,83.53828669
Police Line Campus,Bijnor,4,29.37604397,78.13144932
"Special Abhisuchana Adhikari, Office",Hardoi,4,27.39731014,80.13261142
Police District Control room,Rampur,4,28.78253062,79.02845566
Akhbarpur Kotwali,Ambedkar Nagar,4,,
Police Adhikshak,Varanasi,4,25.31291885,82.99634672
Police Adhikshak,Varanasi,4,25.31291885,82.99634672
Police Adhikshak,Gorakhpur,4,26.75011569,83.37640349
Police Adhikshak,Gorakhpur,4,26.75011569,83.37640349
Mandaladhikari Office,Ghaziabad,4,28.6536462,77.44251673
Mandaladhikari Office,Jhansi,4,25.44356402,78.57929857
Mandaladhikari Office,Saharanpur,4,29.94803712,77.54877161
Mandaladhikari Office,Shravasti,4,27.70270667,81.92751917
Mandaladhikari Office,Sonbhadra,4,24.64850982,83.05504915
Mandaladhikari Office,Mirzapur,4,25.15383354,82.58100389
Mandaladhikari Office,Banda,4,25.49242642,80.33146331
SIO Office,Gautam Buddh Nagar,4,,
Adhishuchna Office,Jalaun,4,26.13621664,79.33857499
Adhishuchna Office,Mahoba,4,25.29188132,79.8792971
Police Adhikshak,Hamirpur,4,25.95847886,80.15516275
Adhishuchna Office,Siddharthnagar,4,27.26920952,83.08708799
"Special Abhisuchana Adhikari, Office",Sant Kabir Nagar,4,26.79426778,83.0706223
"Special Abhisuchana Adhikari, Office",Maharajganj,4,27.14465278,83.54373844
"Nighasan, Tehsil",Lakhimpur Kheri,20,28.23834692,80.86134004
"Lalganj, Tehsil",Mirzapur,20,25.03995401,82.47253327
Commisionary,Mirzapur,20,25.1342678,82.56766323
"Ghanghata, Tehsil",Sant Kabir Nagar,20,,
"Lambhua,Tehsil", Sultanpur,20,26.14013349,82.22416494
Tehsil,Prayagraj,20,25.46685809,81.85231404
Commisionary,Basti,20,26.7847842,82.72103153
"Sawayajpur, Tehsil", Hardoi,20,27.43454279,79.79456761
"Mahmoodabad, Tehsil",Sitapur,20,27.29516122,81.12313841
"Hata, Tehsil",Kushinagar,20,26.74297383,83.74602802
"Rudouli, Tehsil",Ayodhya,20,26.7812687,81.7536884
"Salempur, Tehsil",Deoria,20,26.2994045,83.92279572
"Mankapur, Tehsil",Gonda,20,27.06258561,82.2055855
Tehsil,Ambedkar Nagar,20,26.42748478,82.53409746
"Ghanora,Tehsil",Amroha,20,,
Tehsil,Moradabad,20,28.83810702,78.77988168
"Chauri Chaura,Tehsil", Gorakhpur,20,26.64355372,83.5863356
"Tiloi,Tehsil", Amethi,20,26.36694528,81.47638044
Tehsil,Siddharthnagar,20,,
"Derapur, Tehsil",Kanpur,20,26.4192377,79.79368771
"Nautnava, Tehsil",Maharajganj,20,27.43948699,83.42313934
"Malihabad,Tehsil", Lucknow,20,26.9207836,80.71326031
"Tulsipur, Tehsil",Balrampur,20,27.52927656,82.40469098
"Mahsi, Tehsil",Bahraich,20,27.61067937,81.41713902
"Sirauli Gauspur, Tehsil",Barabanki,20,26.9857759,81.45832978
"Takha, Tehsil",Etawah,20,26.88137744,79.28322481
"Jaswant Nagar,Tehsil", Etawah,20,26.86819982,78.9186444
"Chakar Nagar,Tehsil", Etawah,20,26.58045961,79.11084412
"Puranpur,Tehsil", Pilibhit,20,28.5094852,80.14636673
"Ghosi, Tehsil",Mau,20,26.1148058,83.54456283
"Maholi, Tehsil",Sitapur,20,27.64461532,80.49566075
Tehsil,Chitrakoot,20,25.15062859,80.85939075
"Jakhnia, Tehsil",Ghazipur,20,25.74294739,83.37707726
"Nawabganj, Tehsil",Bareilly,20,26.9255159,81.18007081
"Swar, Tehsil",Rampur,20,28.82270882,79.03516197
"Bilsi, Tehsil",Badaun,20,28.13507301,78.91060443
Tehsil,Banda,20,25.48126885,80.33327236
Collectorate,Chitrakoot,50,25.18691432,80.91205566
Collectorate,Bhadohi,50,25.3587599,82.46237124
Collectorate,Mainpuri,50,27.23942888,79.05227465
Collectorate,Fatehpur,50,25.92825264,80.80255369
Collectorate,Jhansi,50,25.44340381,78.57866184
Collectorate,Kannauj,50,27.02805589,79.9224688
Collectorate,Ayodhya,50,26.77317931,82.12534577
Collectorate,Mau,50,25.91543428,83.56232054
Collectorate,Gorakhpur,50,26.74902653,83.37068444
Collectorate,Mathura,50,27.47460136,77.69219891
"Sadar, Tehsil",Pratapgarh,20,25.91917922,82.00190182
"Madhogarh, Tehsil",Jalaun,20,26.28014898,79.18402271
"Ajitmal, Tehsil",Auraiya,20,26.56477783,79.31588678
"Khaga, Tehsil",Fatehpur,20,25.76795903,81.10211691
"Kulpahad, Tehsil",Mahoba,20,25.31372345,79.64247798
"Rath, Tehsil",Hamirpur,20,25.59691199,79.57416102
"Chakya,Tehsil",Chandauli,20,25.04878224,83.2204497
"Ghorawal, Tehsil",Sonbhadra,20,24.75581435,82.77869484
"Belthta Road,  Tehsil",Ballia,20,26.11997767,83.86221953
"Sagdi, Tehsil",Azamgarh,20,26.15459873,83.33227063
"Kishni, Tehsil",Mainpuri,20,27.01847454,79.25779842
"Sadar,  Tehsil",Mathura,20,27.19144804,78.01951292
"Amritpur,Tehsil",Farrukhabad,20,27.52914138,79.6003992
"Talbehat, Tehsil",Lalitpur,20,25.03657466,78.429856
"Jarsana, Tehsil",Firozabad,20,27.23982594,78.65374055
"Deoband, Tehsil",Saharanpur,20,29.69213558,77.67735716
"Iglas, Tehsil",Aligarh,20,27.70264626,77.94466534
"Chibramau, Tehsil",Kannauj,20,27.1397677,79.49963937
"Bhinga, Tehsil",Shravasti,20,27.70540537,81.93086313
"Tilhar, Tehsil",Shahjahanpur,20,27.96625105,79.7292719
"Gunnaur, Tehsil",Sambhal,20,28.23664982,78.4415854
"Bah, Tehsil",Agra,20,26.8682924,78.59350247
"Budhana, Tehsil",Muzaffarnagar,20,29.28946823,77.46696541
"Mawana, Tehsil",Meerut,20,29.10653954,77.92738325
"Garotha, Tehsil",Jhansi,20,25.57369265,79.29696465
Rani Padmavati Tarayog Tantra Adarsh Sanskrit Mahavidyalaya,Varanasi,1,25.34707669,82.95567646
Prathmik Vidyalaya Midgakur-1,Agra,1,27.13003554,78.02929754
Prathmik Vidyalaya Gadi Daulat,Agra,1,27.12834401,78.02731338
Prathmik Vidyalaya Nagla Gujra,Agra,1,27.01666242,77.93236718
Poorv Madhyamik Vidyalaya-1 Midhakur,Agra,1,27.14625778,77.94147051
Prathmik Vidyalaya Gadi Daulat,Agra,1,27.16092693,77.87324581
Prathmik Vidyalaya Gadi Daulat,Agra,1,27.16092693,77.87324581
Prathmik Vidyalaya Gadi Daulat,Agra,1,27.16092693,77.87324581
Prathmik Vidyalaya Gadi Daulat,Agra,1,27.16092693,77.87324581
Prathmik Vidyalaya,Ballia,1,25.98637984,84.04472123
Prathmik Vidyalaya,Ballia,1,25.98637984,84.04472123
Prathmik Vidyalaya,Ballia,1,25.98637984,84.04472123
Prathmik Vidyalaya,Ballia,1,25.98637984,84.04472123
Prathmik Vidyalaya,Ballia,1,25.98637984,84.04472123
Gaushala,Etawah,4,,
Gaushala,Kasganj,4,,
Gaushala,Hapur,4,,
Gaushala,Farrukhabad,4,,
Gaushala,kannauj,4,,
Gaushala,Kanpur,4,,
Gaushala,Chitrakoot,4,,
Gaushala,Meerut,5,,
Prathmik Vidyalaya Sahara-1,Agra,1,27.18303266,77.97292291
Poorv Madhyamik Vidyalaya Sahara,Agra,1,27.37024151,79.12677143
Prathmik Vidyalaya Ladamada,Agra,1,27.08965926,77.92444027
Poorv Madhyamik Vidyalaya Ladamada,Agra,1,27.04312576,77.98457132
Prathmik Vidyalaya Angoothi-1,Agra,1,,
Poorv Madhyamik Vidyalaya Angoothi,Agra,1,27.15325523,79.02484294
Prathmik Vidyalaya Sadarvan,Agra,1,,
Poorv Madhyamik Vidyalaya Sadarvan,Agra,1,,
Prathmik Vidyalaya,Ballia,1,25.76145615,84.06485316
Prathmik Vidyalaya,Ballia,1,25.78751514,84.15573976
Prathmik Vidyalaya,Ballia,1,25.74755569,84.11758453
Prathmik Vidyalaya,Ballia,1,25.75913952,84.19003659
Prathmik Vidyalaya,Ballia,1,25.9486115,84.09936893
Gaushala,Lucknow,4,,
Gaushala,Hamirpur,4,,
Gaushala,Banda,4,,
Gaushala,Gonda,4,,
Gaushala,Balrampur,4,,
Gaushala,Rae Bareli,4,,
Gaushala,Fatehpur,4,,
Govt Library,Barabanki,5,26.92649425,81.19632707
Central Bar Association,Lucknow,20,26.85422656,80.93048383
Poorv Madhyamik Vidyalaya ,Agra,1,27.17876497,77.97077963
Prathmik Vidyalaya Nagla Hatti ,Agra,1,27.12441091,77.89846082
Prathmik Vidyalaya Nagla Bhuria,Agra,1,27.12308345,77.90261908
Prathmik Vidyalaya ,Agra,1,27.1300824,78.02836645
Prathmik Vidyalaya -2,Agra,1,27.11532387,78.01207282
Prathmik Vidyalaya -1,Agra,1,27.11532387,78.01207282
Mudiyari Inter College,Ballia,1,25.95014111,84.20032706
Shrfi Bajrang Snatakottar College,Ballia,1,26.02290852,84.0029183
District Forest Officer,Maharajganj,2,27.14010231,83.53858707
District Forest Officer,Maharajganj,2,27.14010231,83.53858707
Gaushala,Mau,4,,
Gaushala,Varanasi,4,25.29386573,83.0008326
Gaushala,Ghazipur,4,25.64442493,83.12357551
Gaushala,Jaunpur,4,,
Gaushala,Firozabad,4,,
Gaushala,Hardoi,5,,
Bharatiya Shiksha Shodh Sansthan,Lucknow,6,26.87749522,80.93548859
Sparsh Vidyalaya,Meerut,5,28.93069548,77.64683092
Gaushala,pilibhit,4,28.61120831,79.80567456
Centeral Bar Association,Lucknow,20,26.85421699,80.9306233
Gaushala,Meerut,4,,
Gaushala,Kanpur Dehat,4,,
Gaushala,Ballia,4,,
Gaushala,Jaunpur,4,,
Raghav Prasad Masali devi Mahavidyalaya,Gorakhpur,1,26.5979012,83.2300746
Rajdhari Devi Thakur Prasad Poorv Madhyamic Vidyalaya,Gorakhpur,1,26.50519583,83.20923465
Janta Polytecnic,Bulandshahr,2.5,28.40163811,77.85506417
Shri Bamulal jain Inter College,Aligarh,2,27.87313326,78.07773988
Mahendra Chandra Demand Inter College,Aligarh,2,28.02407449,78.05346186
Gaushala,Jaunpur,4,25.75408032,82.69170002
Devendra Snatakottar Mahavidyalaya,Ballia,0.5,26.14720269,83.8130915
Jagdish Singh Degree College,Ballia,0.5,25.82807915,83.86477846
D S Memorial Inter College,Ballia,0.5,25.91087355,84.04237333
Shri Durgaji Uttachar mahavidyalaya,Ballia,0.5,26.01399897,83.115531
Jawahar Navodaya Vidyalaya Hostel,Auraiya,5,25.78825238,84.0060125
Community Health Center,Auraiya,10,26.46991162,79.50729061
Community Health Center,Auraiya,10,26.4625105,79.51649978
"Chitragupt Degree College, Hostel",Mainpuri,5,27.21111108,79.02312415
Harwali Bairaj,Bijnor,5,,
Loh Purush Sardar Wallabh Bhai Patel Rajkiya Resham Training Institute,Mirzapur,5,25.04729371,82.58981844
Loh Purush Sardar Wallabh Bhai Patel Rajkiya Resham Training Institute,Mirzapur,5,25.04729371,82.58981844
Rajkiya Industrail Training Institute,Bareilly,40,28.39253297,79.3893116
Rajkiya Industrail Training Institute,Gonda,40,27.12797409,81.95965527
Rajkiya Industrail Training Institute,Hardoi,40,27.38899669,80.13320384
Rajkiya Industrail Training Institute,Basti,40,26.79674868,82.720706
Rajkiya Industrail Training Institute,Kaushambi,40,25.38444284,81.33176712
Rajkiya Industrail Training Institute,Bijnor,40,29.38536582,78.15401452
Poorv Madhyamik Vidyalaya,Varanasi,0.5,25.30571616,82.98476019
Parthmik Vidyalaya,Varanasi,0.5,25.28854863,82.98995941
Parthmik Vidyalaya,Varanasi,0.5,25.30158174,82.96944649
Kanya Poorv Madhyamik Vidyalaya,Varanasi,0.5,25.28365748,83.00550856
Parthmik Vidyalaya,Varanasi,0.5,25.35141429,83.03420717
Poorv Madhyamik Vidyalaya,Varanasi,0.5,25.33400936,82.99040403
Parthmik Vidyalaya,Varanasi,0.5,25.39154121,82.96229244
Parthmik Vidyalaya,Varanasi,0.5,25.27645015,83.03809934
Poorv Madhyamik Vidyalaya,Varanasi,0.5,25.28513355,82.98969369
Parthmik Vidyalaya,Varanasi,0.5,25.33209074,82.99165926
Poorv Madhyamik Vidyalaya,Varanasi,0.5,25.29998521,82.97459745
Parthmik Vidyalaya,Varanasi,0.5,25.31965873,83.02247498
Parthmik Vidyalaya,Varanasi,0.5,25.35081503,83.03379148
Parthmik Vidyalaya,Varanasi,0.5,25.34991839,83.00327647
Parthmik Vidyalaya,Varanasi,0.5,25.3897869,82.95716656
Poorv Madhyamik Vidyalaya,Varanasi,0.5,25.38808099,82.90480984
Parthmik Vidyalaya,Varanasi,0.5,25.35225149,83.04557217
Parthmik Vidyalaya,Varanasi,0.5,25.28599324,82.94703854
Kanya Poorv Madhyamik Vidyalaya,Varanasi,0.5,25.249041,82.76025917
Parthmik Vidyalaya,Varanasi,0.5,25.27573223,83.04493703
Poorv Madhyamik Vidyalaya,Varanasi,0.5,25.33314914,82.99524916
Parthmik Vidyalaya,Varanasi,0.5,25.33213614,82.95714268
Rajkiya Industrail Training Institute,Prayagraj,40,25.38581977,81.86232235
Rajkiya Industrail Training Institute,Ballia,40,25.77428907,84.14294837
Gaushala,Badaun,4,28.0333662,79.12713656
Gaushala,mathura,4,27.48021523,77.69809037
Gaushala,Aligarh,6,27.88441166,78.05840919
Pandit Ayodhya Prasad mahavidyalaya,Unnao,1,26.79005511,80.26219635
Dayanand Saraswati Inter College,Unnao,1,26.4756178,80.39906853
Irrigation Dept Drainage Division-2,Sant Kabir Nagar,6,26.96073777,83.08339372
PHC,Jaunpur,6,25.76086334,82.69922184
MDD public School,Mau,3,25.94584867,83.55171746
Villege Development Institute,Mau,8,25.94453521,83.56159093
PHC/CHC,Prayagraj,5,25.40875116,81.88584845
PHC/CHC,Prayagraj,5,25.40875116,81.88584845
PHC/CHC,Prayagraj,5,25.40875116,81.88584845
PHC/CHC,Prayagraj,5,25.40875116,81.88584845
PHC/CHC,Prayagraj,5,25.40875116,81.88584845
PHC/CHC,Prayagraj,5,25.40875116,81.88584845
PHC/CHC,Prayagraj,5,25.40875116,81.88584845
PHC/CHC,Prayagraj,5,25.40875116,81.88584845
PHC/CHC,Prayagraj,5,25.40875116,81.88584845
PHC/CHC,Prayagraj,5,25.40875116,81.88584845
PHC/CHC,Prayagraj,5,25.40875116,81.88584845
PHC/CHC,Prayagraj,5,25.40875116,81.88584845
PHC/CHC,Prayagraj,5,25.40875116,81.88584845
PHC/CHC,Prayagraj,5,25.40875116,81.88584845
PHC/CHC,Prayagraj,5,25.40875116,81.88584845
PHC/CHC,Prayagraj,5,25.40875116,81.88584845
Irrigation Workshop,Jhansi,4,25.45429977,78.56875032
Janta Inter College,Ballia,0.5,25.96933745,83.8709866
Nagaji Sa4raswati Vidya Mandir,Ballia,0.5,25.74731511,84.12517125
Ramdev Inter College,Ballia,0.5,25.84281843,83.75811533
Ramjanm Rikebia Memorial Inter College,Ballia,0.5,25.80014459,83.83537736
Baba Sureshdas Adhorpeeth Shikshand Sansthan,Ballia,0.5,,
Manki Devi Inter Colege,Ballia,0.5,25.98961588,84.20820657
Divyabha Inter College,Ballia,0.5,,
Parmeshwar Chaudhary Sanskar Bharti Vidyapeeth,Ballia,0.5,,
Rani Durgawati Baliya Ucch Madhyamik Vidyalaya,Ballia,0.5,26.04112342,83.95726001
Satyendra Inter College,Ballia,0.5,26.13025218,83.86513348
Bapu Laghu Mahavidyalaya,Ballia,0.5,25.86501992,83.85518682
Shiwaji Singh Inter College,Ballia,0.5,25.90342341,84.03415564
Brijraj Singh Inter College,Ballia,0.5,25.76672952,84.16019314
MNB Memorial mahila Degree College,Ballia,0.5,25.57830568,83.85433392
Krishna Shiksha NikEtahn Inter College,Ballia,0.5,25.71330579,84.02574663
Bhikham Baba,Ballia,1,,
Flood Division Office,Deoria,5,26.49528764,83.78612501
Forest Conservator Training Center,Agra,5,27.22221805,77.98978349
Rajkiya District Library,Mainpuri,2.5,27.23228618,79.0304961
KGBB,Mainpuri,3,27.25672895,79.18311747
KGBB,Mainpuri,3,27.25672895,79.18311747
Thana Kursh,Mainpuri,3,27.23301645,79.0368305
Gaushala,Kannauj,4,,
"Gandak Nahar, Control room",Maharajganj,2,,
Residential Accelerated Learning Camp,Mainpuri,2,27.15412755,83.56204355
ExEn Drainage Division,Gorakhpur,6,26.75751741,83.38661126
Gaushala,Shahjahanpur,4,,
Gaushala,Hardoi,5,,
Gaushala,Hamirpur,4,,
Samajik Vaniki Training center,Agra,5,,
Gaushala,Agra,4,,
Gaushala,Bareilly,4,,
Gaushala,Hamirpur,4,,
CHC,Prayagraj,12,25.44357848,81.84576577
CHC,Bahraich,12,27.57327906,81.60808602
CHC,Balrampur,12,27.40963774,82.19403349
CHC,Bareilly,12,28.34857683,79.40302572
CHC,Badaun,12,28.11761188,79.21362623
CHC,Etah,12,27.59646677,78.50098782
CHC,Ayodhya,12,26.76976856,82.18401111
CHC,Farrukhabad,12,27.41613891,79.51982903
CHC,Gonda,12,27.83289079,77.87948245
CHC,Kasganj,12,27.81524031,78.64912853
CHC,Kannauj,12,27.09727079,79.77832687
CHC,Kannauj,12,26.96519103,79.80984237
CHC,Rampur,12,27.36150767,81.32000117
CHC,Rampur,12,27.36421353,81.32449382
CHC,Mirzapur,12,25.16249599,82.50549016
CHC,Sant Kabir Nagar,12,26.77766404,83.05933167
CHC,Shahjahanpur,12,27.88137804,79.92889255
CHC,Siddharthnagar,12,27.28128434,83.07109492
CHC,Sonbhadra,12,24.75138009,83.38879141
CHC,Shravasti,12,27.74123482,81.83710634
PHC,Prayagraj,5.28,25.43498401,81.86145489
PHC,Bahraich,5.28,27.57313076,81.60718139
PHC,Balrampur,5.28,27.39373239,82.18353843
CHC,Barabanki,12,26.86445192,81.20726327
PHC,Barabanki,5.28,26.94353329,81.17950555
PHC,Bareilly,5.28,28.3549201,79.40835542
PHC,Badaun,5.28,28.03129251,79.1102315
PHC,Etah,5.28,27.56742809,78.6651783
PHC,Ayodhya,5.28,26.76242759,82.18695848
PHC,Farrukhabad,5.28,27.41689382,79.51879698
PHC,Gonda,5.28,27.12954982,81.95971589
CHC,Hardoi,12,27.39920995,80.11914403
PHC,Hardoi,5.28,27.40438908,80.03675581
PHC,Kasganj,5.28,27.81606502,78.65163427
PHC,Kaushambi,5.28,25.36075187,81.40271852
PHC,Lakhimpur Kheri,5.28,27.96024819,80.78582701
CHC,Lakhimpur Kheri,12,27.85250241,80.76787332
PHC,Maharajganj,5.28,26.26772645,83.11487456
PHC,Maharajganj,5.28,26.26772645,83.11487456
PHC,Mirzapur,5.28,24.93595895,82.62261485
CHC,pilibhit,12,28.6364357,79.725781
PHC,pilibhit,5.28,28.62873344,79.81536291
PHC,Sant Kabir Nagar,5.28,26.55060474,83.03017299
PHC,Shahjahanpur,5.28,27.50668092,79.68431433
PHC,Siddharthnagar,5.28,27.18913268,82.92545554
CHC,Sitapur,12,27.44212111,80.5499009
PHC,Sitapur,5.28,27.41041151,80.6570757
PHC,Sonbhadra,5.28,24.85117012,83.10277485
PHC,Shravasti,5.28,,
"Rajkiya Ashram Paddhati Vidyalaya, Kochabhawan, Jhansi",Jhansi,5,25.46338762,78.70198632
"Rajkiya Ashram Paddhati Vidyalaya Bandapur, Udaipur, Varanasi",Varanasi,5,25.40779184,82.99610449
"Rajkiya Ashram Paddhati Vidyalaya Satomahua, Varanasi",Varanasi,5,25.41595712,82.88628398
"Rajkiya Ashram Paddhati Vidyalaya Hatimpur, Chakiya Chandauli",Chandauli,5,25.02111411,83.16628587
"PDDU Rajkiya Ashram Paddhati Balika Vidyalaya, Sirsiya, Hatimpur, Kushinagar",Kushinagar,5,26.72359247,83.79835079
"Rajkiya Ashram Paddhati Vidyalaya, Dariyapur, (V.K. Sumerpur)",Hamirpur,5,25.82280555,80.15112349
"Rajkiya Ashram Paddhati Vidyalaya, Kosilpur, Rampur",Rampur,5,28.82562485,79.03536415
"Rajkiya Ashram Paddhati Vidyalaya,Samrer, Budaun",Badaun,5,28.09100609,79.40527875
"Gram Targuan, Vikas Khand Talbehat, Lalitpur",Lalitpur,5,25.04406511,78.43103953
"Rajkiya Ashram Paddhati Vidyalaya, Bastaura, Rasda, Ballia",Ballia,5,25.80401104,83.88550969
"Rajkiya Ashram Paddhati Vidyalaya, Gopalpur, Vikas Khand Bhojipura, Bareilly",Bareilly,5,28.5131296,79.45845049
"Rajkiya Ashram Paddhati Balika Vidyalaya, Devrikala, Madihan, Mirzapur",Mirzapur,5,24.94771421,82.66275021
"Rajkiya Ashram Paddhati Vidyalaya, Asaidapur, Vikas Khand Gauriganj, Amethi",Amethi,5,26.19408092,81.71365255
"Rajkiya Ashram Paddhati Vidyalaya, Malikpur Bakhra, Vikas Khand Motigarpur, Sultanpur",Sultanpur,5,26.27148666,82.33274473
"Rajkiya Ashram Paddhati Vidyalaya, Hasanpur, Vikas Khand Dubepur, Sultanpur",Sultanpur,5,26.28938968,82.01114068
"Rajkiya Ashram Paddhati Vidyalaya, Sheshpur Samodha, Vikas Khand Bachrawan, Rae Breilly",Rae Bareli,5,26.45915287,81.07524193
"Rajkiya Ashram Paddhati Vidyalaya, Balika, Rain Vikas Khand, Bacheawan, Rae Bareilly",Rae Bareli,5,26.43826997,81.07203753
"Rajkiya Ashram Paddhati Vidyalaya, Mohammadabad, Vikas Khand Salon, Rae Bareilly",Rae Bareli,5,26.02493719,81.46738457
"Rajkiya Ashram Paddhati Vidyalaya, Dhan Gadhiya, Siddharthnagar",Siddharthnagar,5,27.37139986,82.93133813
"Rajkiya Ashram Paddhati Balika Vidyalaya, Hardoi",Hardoi,5,27.37951009,80.11641159
"Rajkiya Ashram Paddhati Vidyalaya, Barwa, Masaudha, Faizabad ",Ayodhya,5,26.69880837,82.12543466
"PDDU Ashram Paddhati Vidyalaya, Bajirpur, Jehalpur, Forozabad",Firozabad,5,27.13969179,78.45548249
"PDDU Rajkiya Ashram Paddhati Balika Vidyalaya, Nagla Hari Lal, Etawah",Etawah,5,26.80850769,79.00575904
"Rajkiya Ashram Paddhati Vidyalaya, Badnora, Vikas Khand Agauta, Bulandshehar",Bulandshahr,5,28.43090993,77.85005834
"Ashram Paddhati Vidyalaya,  Manikpur, Chitrakoot",Chitrakoot,5,25.07663526,81.0972021
"Ashram Paddhati Vidyalaya, Sardhuva, Chitrakoot",Chitrakoot,5,25.44128886,81.08236853
"Ashram Paddhati Vidyalaya, Kalchiha, Chitrakoot",Chitrakoot,5,25.19764384,81.42575066
"Ashram Paddhati Vidyalaya, Baberu, Banda",Banda,5,25.54232955,80.71837741
"Rajkiya Ashram Paddhati Vidyalaya, Dhakka, Kundanpur, Moradabad",Moradabad,5,28.82181497,78.74817512
"Ashram Paddhati Vidyalaya, Chakdahi, Khalilabad, Sant Kabir Nagar",Sant Kabir Nagar,5,26.76619315,83.08432382
"Ashram Paddhati Vidyalaya, Sadar, Gonda",Gonda,5,27.12424729,81.93873261
"Ashram Paddhati Vidyalaya, Mujehna, Gonda",Gonda,5,27.20881577,82.11665019
"Ashram Paddhati Vidyalaya, Musepur, Vikas Khand Palhani, Azamgarh",Azamgarh,5,26.043687,83.17082051
"Ashram Paddhati Balika Vidyalaya, Bhayapurva, Bhinga, Shrawasthi",Shravasti,5,27.69153798,81.96169754
"Ashram Paddhati Balika Inter College, Risiya, Bahraich",Bahraich,5,27.68230858,81.5623425
"Ashram Paddhati Vidyalaya, Etahura, Agra",Agra,5,27.08692749,77.98127206
"Ashram Paddhati Vidyalaya, Bhogaon, Agra",Agra,5,27.25395941,79.22128593
"Rajkiya Ashram Paddhati Vidyalaya, Kalyanpur, Kanpur Nagar",Kanpur,5,26.50526169,80.25441008
"Rajkiya Ashram Paddhati Vidyalaya, Babina, Vikas Khand Kadora, Jalon",Jalaun,5,25.98314122,79.83993938
"Rajkiya Ashram Paddhati Vidyalaya,Gurmura, Vikas Khand Chaupan, Sonbhadra",Sonbhadra,5,24.4958478,83.02106367
"Rajkiya Ashram Paddhati Vidyalaya, Maldeva, Vikas Khand Duddhi, Sonbhadra",Sonbhadra,5,24.21043761,83.23243185
"Rajkiya Ashram Paddhati Vidyalaya, Sirsai, Vikas Khand Ghorawal, Sonbhadra",Sonbhadra,5,24.75532903,82.7774522
"Rajkiya Ashram Paddhati Vidyalaya, Urmora, Vikas Khand Robertsganj, Sonbhadra",Sonbhadra,5,24.66422178,83.05992579
"PDDU Ashram Paddhati Inter College, Vishnupura Gonar, Vikas Khand Sardar Nagar, Gorakhpur",Gorakhpur,5,24.22035624,83.23237697
"Rajkiya Ashram Paddhati Vidyalaya, Prataphgarh",Pratapgarh,5,25.86641637,81.82721475
"Rajkiya Ashram Paddhati Balika Inter College, Karaundia (Snauli), Vikas Khand Banikodar, Barabanki",Barabanki,5,26.79052179,81.1866821
"Rajkiya Ashram Paddhati Vidyalaya, Teergaon, Vikas Khand Harakh, Barabanki",Barabanki,5,26.79008109,81.1884953
Lakhimpur,Lakhimpur Kheri,5,,
Farrukhabad,Farrukhabad,5,,
Lucknow,Lucknow,5,,
Lucknow,Lucknow,5,,
Prayagraj,Prayagraj,5,,
Prayagraj,Prayagraj,5,,
Kausambhi,Kaushambi,5,,
Kausambhi,Kaushambi,5,,
Sitapur,Sitapur,5,,
"Fisheries Dept, Prayagraj",Prayagraj,65,25.4676442,81.85123645
"Fisheries Dept, Sultanpur",Sultanpur,65,26.25675943,82.08375174
"Fisheries Dept, Basti",Basti,65,26.80526373,82.74929368
"Fisheries Dept, Ayodhya",Ayodhya,65,26.77667187,82.1345676
"Fisheries Dept, Gorakhpur",Gorakhpur,65,26.74269441,83.37705521
"Fisheries Dept, Shahjahanpur",Shahjahanpur,65,27.90861495,79.92125641
Rajkiya Industrail Training Institute,Shahjahanpur,40,27.85584535,79.95194955
Rajkiya Industrail Training Institute,Etah,40,27.58020499,78.65099972
Rajkiya Industrail Training Institute,Pratapgarh,40,25.86641637,81.82721475
Rajkiya Industrail Training Institute,Mathura,40,27.44192882,77.70173796
Rajkiya Industrail Training Institute,Jaunpur,40,25.79059752,82.6891069
"Rain Basera Ahaiya Chauraha, Kasganj",Kasganj,12,27.80680254,78.64049098
"Home Guard, HQ, Lucknow",Lucknow,5,26.82038707,80.92158966
"Home Guard, HQ, Lucknow",Lucknow,5,26.82038707,80.92158966
"Home Guard, HQ, Lucknow",Lucknow,4,26.82038707,80.92158966
"Home Guard, HQ, Lucknow",Lucknow,5,26.82038707,80.92158966
"KGBV, Dharmnagri, Bijnor",Bijnor,4,29.40092289,78.09061662
"KGBV,Kitarpur (Gramin),  Bijnor",Bijnor,4,29.3893422,78.10087893
"KGBV, Kitarpur (Sikri), Bijnor",Bijnor,4,29.37608306,78.14229293
"KGBV, Najibabad (Rahatpur Khurd), Bijnor",Bijnor,4,29.64183792,78.28860091
"KGBV, Najibabad (Gramin), Bijnor",Bijnor,4,29.66712156,78.36497504
"KGBV, Nagina (Hirawali), Bijnor",Bijnor,4,29.39654301,78.45011498
"KGBV, Puraini, Bijnor",Bijnor,4,29.39649962,78.45003053
"KGBV, Budhanpur, Syohara, Bijnor",Bijnor,4,28.82024837,78.58094061
"KGBV, Noorpur, Bijnor",Bijnor,4,29.14253221,78.4133665
"KGBV, Chandpur (Syaoo), Bijnor",Bijnor,4,29.19121058,78.41225856
"KGBV, Jalilpur, Bijnor",Bijnor,4,29.13758084,78.185395
"KGBV, Forest Villege, Kalluwala, Bijnor",Bijnor,4,29.44210804,78.80814526
"DM Camp Office, Mainpuri",Mainpuri,5,27.24034666,79.05191757
"Cow Shelter, Sursa -1, Hardoi",Hardoi,5,,
"Cow Shelter, Sursa -2, Hardoi",Hardoi,5,,
"Cow Shelter, Behdar Khurd, Hardoi",Hardoi,5,,
"Bilo (Bichwa) Nirikshan Bhawan, Mainpuri",Mainpuri,5,27.23972114,79.04944529
"Forest Department, Kirawali Range,Agra",Agra,5,27.13785642,77.78958602
"Jawahar Navyodaya Vidlaya, Villege Shivpuri Navdiya, Bisalpur, Pilibhit",Pilibhit,5,28.20973547,79.80666829
"Primary School, Chahalwa -1, Shrawasti",Shravasti,2.5,27.74324249,81.8881547
"Primary School, Chahalwa -2, Shrawasti",Shravasti,2.5,27.7395202,81.90051432
"Primary School / Higher Primary School, Chahalwa - Khaas, Shrawasti",Shravasti,2.5,27.73420242,81.88785429
"Primary School / Higher Primary School, Varga-Vargi, Shrawasti",Shravasti,2.5,27.70489384,81.93767486
"Primary School, Balupurva, Shrawasti",Shravasti,2.5,27.70002059,81.92224273
"Primary School, Mudforva, Shrawasti",Shravasti,2.5,27.69874052,81.94117036
"Primary School / Higher Primary School, Gulra Banjara, Shrawasti",Shravasti,2.5,27.5405914,81.8241425
"Primary School, Hariharpur Rani -1, Shrawasti",Shravasti,2.5,27.83785379,81.83616345
"Primary School, Hariharpur Rani -2, Shrawasti",Shravasti,2.5,27.71268117,81.85922589
"Primary School / Higher Primary School, Siswa, Shrawasti",Shravasti,2.5,27.67198697,81.91250153
"Primary School, Gaddipurva, Shrawasti",Shravasti,2.5,27.70302957,81.87992257
"Primary School, Kodri, Shrawasti",Shravasti,2.5,27.71005783,81.90571469
"Primary School, Patna Khargora -2, Shrawasti",Shravasti,2.5,27.68050709,81.88264234
"Primary School, Patna Khaas, Shrawasti",Shravasti,2.5,27.71152616,81.75215557
"Higher Primary School, Patna, Shrawasti",Shravasti,2.5,27.81704995,81.7822424
"Primary School / Higher Primary School, Bhaluhiya, Shrawasti",Shravasti,2.5,27.347842,82.58236834
"Primary School, Patijiya, Shrawasti",Shravasti,2.5,27.0018604,82.43093057
"Primary School, Bhagda Manikachok, Shrawasti",Shravasti,2.5,27.6928491,81.95916036
"Primary School, Jagtapur, Shrawasti",Shravasti,2.5,27.55022001,81.61777549
"Higher Primary School, Jagtapur, Shrawasti",Shravasti,2.5,27.55089681,81.6179773
"Primary School / Higher Primary School, Laukipurva, Shrawasti",Shravasti,2.5,27.67783939,81.9812207
"Primary School, Pooreadhaari, Shrawasti",Shravasti,2.5,27.70758745,81.84977243
"Primary School, Gulriha, Shrawasti",Shravasti,2.5,27.54241002,81.82437042
"Primary School, Jamunani, Shrawasti",Shravasti,2.5,27.88578425,81.762456
"Primary School, Banghusra, Shrawasti",Shravasti,2.5,27.38487708,81.98263313
"Primary School / Higher Primary School, Hariharpur Rani, Shrawasti",Shravasti,2.5,27.46662042,81.66651831
"Primary School / Higher Primary School, Khairikala, Shrawasti",Shravasti,2.5,24.95082036,82.37593314
"Primary School, Khalepurva, Shrawasti",Shravasti,2.5,27.29921009,81.48567798
"Primary School, Badki Khairi, Shrawasti",Shravasti,2.5,27.75910592,81.95128001
"Primary School, Bhartha Belbhariya Poorvi, Shrawasti",Shravasti,2.5,27.85623648,81.88157256
"Primary School / Higher Primary School, Lalpur Mehri, Shrawasti",Shravasti,2.5,27.64442991,82.13228778
"Primary School, Loniyan Purva, Shrawasti",Shravasti,2.5,27.51670457,82.00425007
"Primary School, Lalpur, Shrawasti",Shravasti,2.5,27.64428258,82.13239395
"Cow Shelter, Ghanyora, Dadrol, Shahjahanpur",Shahjahanpur,5,27.8562093,79.88677835
"Kisan Higher Secondary School, Doti urf Waajidpur, Amroha",Amroha,5,28.85860052,78.60535059
"Cow Shelter, Chandipur, Tarabganj, Gonda",Gonda,4,26.95877245,81.98287138
"Eshan Public School, Vikas khand Thekma, Villege Rohua Mustafabad",Azamgarh,8,25.89130262,83.0235532
"District Panchayat Resource Centre, in Gram Panchayat Goharni",Shamli,5,29.48984242,77.31408624
"Sakhi One Stop Centre, Moradabad",Moradabad,1,28.84830964,78.76514813
"Ale Mansoob Inter College, Mo. Pushkar Nagar, Meera Sarai Road",Amroha,2,28.89034914,78.47866035
"Kuwan Manohar Singh Inter College, Purav Aaspur, Block-Saakit",Etah,3,27.49008448,78.78480961
"Headmaster, Primary School, Chanipathar, Vikas Khand-Myorpur",Sonbhadra,2,24.13147816,83.05381819
"Ale Ahmed Girls Inter College, Gujaar",Amroha,5,28.8935345,78.47188428
I.M. Inter College,Amroha,8,28.90092908,78.47175495
"Shri Shyam Bahadur Singh, S/O Late Rudal Singh, Redident Villege-Kundauli, V.K-Laar",Deoria,2,26.2116274,83.89700776
"Upper Primary School, Mai, Vikas Khand-Sadabad",Hathras,2,27.42819102,78.04951676
"Cow Shelter, Kurukheda, Gatholi, Vikas Khand-Dataganj",Badaun,4,,
"Villege Khodan, Vikas Khand-Shivrajpur, Tehsil Bilhor",Kanpur,3,26.83847733,80.06449559
"Fisheries Dept, Jalaun",Jalaun,65,25.99154908,79.44560555
ITI Muzaffarnagar Budhana 40KW,Muzaffarnagar,40,29.29927415,77.5052407
ITI. Jalaun Madhaugarh 40 KW,Jalaun,40,26.35921427,79.17585415
ITI Unnao Bighapur 40 KW,Unnao,40,26.33786445,80.74018657
ITI Kushinagar Sewerhi 40 KW,Kushinagar,40,26.76164505,83.84130728
ITI. Sitapur 40KW,Sitapur,40,27.5451392,80.72085274
ITI Siddharthnagar Dumariyaganj 40KW,Siddharthnagar,40,27.1725889,82.68624648
ITI Amethi Gauriganj 40KW,Amethi,40,26.13422072,81.79136211
ITI. Kanpur Dehat Sikandra 40KW,Kanpur Dehat,40,26.38629563,79.62422093
ITI. Bulandshahr Anupshahr 40KW,Bulandshahr,40,28.40365371,77.95044399
ITI. Farrukhabad Amritpur 40KW,Farrukhabad,40,27.50479275,79.61918645
ITI. Unnao Purva 40KW,Unnao,40,26.52065027,80.9086658
ITI. Amroha Naughadh 40KW,Amroha,40,27.28811997,83.08106425
ITI Meerut 40KW,Meerut,40,29.04177972,77.67038307
ITI Shahjahanpur 40-40KW,Shahjahanpur,40,27.85388944,79.95060404
ITI Padrauna Kushinagar 40KW,Kushinagar,40,26.88099948,83.97358694
ITI Bhinga Shravasti-40 KW,Shravasti,40,27.50800996,82.03226297
ITI Barabanki-40KW,barabanki,40,26.97499666,81.22554804
ITI Etah 40 KW,Etah,40,27.57975045,78.65103724
ITI Pratapgarh 40KW,Pratapgarh,40,25.91129748,81.98264368
ITI Mauranipur Jhansi 40 KW,Jhansi,40,25.2459129,79.15394597
ITI Puwawa Shahjahanpur 40KW,Shahjahanpur,40,28.0647792,80.12084628
ITI Nandgaon Mathura 40 KW,Mathura,40,27.4393116,77.69384974
I.I.Taraganj Gonda 40KW,Gonda,40,27.12864388,81.96002106
ITI Shahganj Jaunpur 40 KW,Jaunpur,40,26.02253691,82.68393901
ITI Musafirkhana Amethi 40 KW,Amethi,40,26.35164357,81.80234852
"Government Industrial Training Institute, Channabe Mirzapur 40KW",Mirzapur,40,25.15266973,82.39880249
"Government Industrial Training Institute, Duddhi Sonbhadra 40KW",Sonbhadra,40,24.19569972,83.23475604
Government Industrial Training Institute Moradabad 40KW,Moradabad,40,28.88604508,78.73770538
Government Industrial Training Institute Sidhauli Sitapur 40KW,Sitapur,40,27.28304669,80.81034218
Government Industrial Training Institute Chandan Chowki Lakhimpur 40KW,Lakhimpur Kheri,40,28.54289292,80.765484
Government Industrial Training Institute Bansi Siddharthnagar 40KW,Siddharthnagar,40,27.0812372,82.98889481
Government Industrial Training Institute Karhal Mainpuri 40KW,Mainpuri,40,27.03051231,79.15747884
Government Industrial Training Institute Sohawal Ayodhya 40KW,Ayodhya,40,26.75374667,81.98785361
Government Industrial Training Institute Mathura 40KW,Mathura,40,27.43815562,77.69306463
Government Industrial Training Institute Aligarh 40KW,Aligarh,40,27.91191093,78.06643447
Government Ashram Method School Badnaura Bulandshahr 20KW,Bulandshahr,20,28.43173071,77.85111565
Government Ashram Method School Bhogav ??Mainpuri 20KW,Mainpuri,20,27.40246515,78.96255804
Government Ashram Method School Mohammadabad Farrukhabad 20KW,Farrukhabad,20,27.30837707,79.42635002
Government Ashram Method School Nagra Hiralal Etawah 20KW,Etawah,20,26.85941266,79.03941637
Government Ashram Method School Babina Jalaun 20KW,Jalaun,20,26.00043734,79.81252453
Government Ashram Method School Bastaura Ballia 20KW,Ballia,20,25.75397364,84.13653968
Government Ashram Method School Kachhauna Hardoi 20KW,Hardoi,20,27.16668567,80.36608246
Government Ashram Method School Baberu Banda 20KW,Banda,20,25.54240159,80.71878425
Government Ashram Method School Ghoraval Sonbhadra 20KW,Sonbhadra,20,24.75302643,82.77652945
Government Ashram Method School Kilchiya Chitrakoot 20KW,Chitrakoot,20,25.07471596,81.0958753
Government Ashram Method School Talbehat Lalitpur 20KW,Lalitpur,20,25.02625461,78.42958567
Government Ashram Method School Charkhari Hamirpur 20KW,Hamirpur,20,25.40577486,79.76427105
Government Ashram Method School Manikpur Chitrakoot 20KW,Chitrakoot,20,25.0746285,81.09591822
Government Ashram Method School Duddhi Sonbhadra 20KW,Sonbhadra,20,24.22042473,83.23270957
Government Ashram Method School Bhojipura Bareilly 20KW,Bareilly,20,28.51607094,79.44950264
Government Ashram Method School Baruwa Draft Ayodhya 20KW,Ayodhya,20,26.69907675,82.1254883
Government Ashram Method School Moosepur Azamgarh 20KW,Azamgarh,20,26.0431049,83.1708968
Government Ashram Method School Hasanpur Sultanpur 20KW,Sultanpur,20,26.28969138,82.01156993
Government Ashram Method School Kadipur Sultanpur 20KW,Sultanpur,20,26.16177984,82.36878991
Government Ashram Method School Wazirganj Sultanpur 20KW,Sultanpur,20,26.16850637,82.37421766
Government Ashram Method School Urmaura Sonbhadra 20KW,Sonbhadra,20,24.66417743,83.05963469
Government Ashram Method School Kotatila Sonbhadra 20KW,Sonbhadra,20,24.83680447,83.05938944
Government Girls Ashram Method School Mohan Road Lucknow 20 KW.,Lucknow,20,26.84557306,80.85340182
Government Ashram Method School Trigaon Barabanki 20KW,barabanki,20,26.79029713,81.18898455
Government Ashram Method School Sonauli Barabanki 20KW,barabanki,20,26.79096437,81.18599102
Government Ashram Method School Salon Raebareli 20KW,Rae Bareli,20,25.98806199,81.45351464
Government Ashram Method School Bachhrawan Raebareli 20KW,Rae Bareli,20,26.47141761,81.11349819
Government Ashram Method School Rayan Raebareli 20KW,Rae Bareli,20,26.23333981,81.29060297
Government Ashram Method School Rahimabad Sitapur 20KW,Sitapur,20,27.50462191,80.71852126
Government Ashram Method School Mahmudabad Sitapur 20 KW,Sitapur,20,27.29928566,81.12630793
Government Ashram Method School Murtaza Nagar Sitapur 20KW,Sitapur,20,27.62843579,79.81560991
Government Ashram Method School Sarnath Varanasi 20KW,Varanasi,20,25.38283173,83.02744276
Government Ashram Method School Chandapur Varanasi 20KW,Varanasi,20,25.4067726,82.99435811
Government Ashram Method School Tarsanda Varanasi 20KW,Varanasi,20,25.41649611,82.8872847
Government Ashram Method School Chakia Chandauli 20KW,Chandauli,20,25.05106732,83.22401843
Government Boys Ashram Method School Navgarh Chandauli 20KW,Chandauli,20,25.26291177,83.2760246
Government Boys Ashram Method School Gyashpur Jaunpur 20KW,Jaunpur,20,25.67341115,82.77956577
Government Ashram Method School Govindashpur Jaunpur 20KW,Jaunpur,20,25.67454937,82.78054393
"Government Ashram Method School, Kerkat Jaunpar 20KW",Jaunpur,20,25.6462009,82.92205362
Government Ashram Method School Kerari Kaushambi 20KW,Kaushambi,20,25.45675803,81.4281695
Government Girls Ashram Method School Koilaha Kaushambi 20KW,Kaushambi,20,25.49569525,81.65520904
Government Boys Ashram Method School Kakoda Kaushambi 20KW,Kaushambi,20,25.59550142,81.44616225
Government Ashram Method School Bharsanwa Kaushambi 20KW,Kaushambi,20,25.4695053,81.29991703
Government Ashram Method Chari Chaira Gorakhpur 20KW,Gorakhpur,20,26.65056343,83.5846479
Government Ashram Method School Patragola Gorakhpur 20KW,Gorakhpur,20,26.36931978,83.39663099
Government Ashram Method School Sirsaiya Kushinagar 20KW,Kushinagar,20,26.82556774,83.73983283
Government Girls Ashram Method School Lakshmipur Kushinagar 20KW,Kushinagar,20,26.856199,84.08361497
Government Ashram Method School Hastinapur Meerut 20KW,meerut,20,29.15310011,77.98212416
Government Ashram Method School Nidhori Ghaziabad 20KW,Ghaziabad,20,28.71937811,77.6021235
Government Ashram Method School Upgradation Moradabad 20KW,Moradabad,20,28.82281894,78.75166713
Government Ashram Method School Bhabani Risia Bahraich 20KW,Bahraich,20,27.68268027,81.55764342
Government Ashram Method School Visambharpur Gonda 20KW,Gonda,20,27.41262961,81.4432269
Government Ashram Method School Sikraura Gonda 20KW,Gonda,20,27.11484998,81.69521541
"Jai Prakash Narayan Sarvodaya Vidyalaya (formerly known as Rajkiya Ashram Vidyalaya), Jail Road Gonda-20 KW.",Gonda,20,27.12695989,81.94209532
Government Ashram Method School Bhinga Shravasti 20KW,Shravasti,20,27.69149998,81.96204087
Government Ashram Method School Sekhuikala Balrampur 20KW,Balrampur,20,27.42489338,82.16270415
Government Ashram Method School Madhiyav Mirzapur 20KW,Mirzapur,20,25.11993665,82.49846465
Government Ashram Method School Parsia Mirzapur 20KW,Mirzapur,20,25.13388024,82.56494001
Government Ashram Method School Sarbal Shahani Prayagraj 20KW,Prayagraj,20,25.45430443,81.71643923
Government Ashram Method School Korao Prayagraj 20KW,Prayagraj,20,24.99813745,82.06549692
Government Ashram Method School Khai Karchana Prayagraj 20KW,Prayagraj,20,25.28576055,81.93557156
Government Ashram Method School Karchana Prayagraj 20KW,Prayagraj,20,25.27650347,81.9323649
Government Girls Ashram Method School Asaidapur Amethi 20KW,Amethi,20,26.14898337,81.79595412
Government Girls Ashram Method School Rehariya Lakhimpur 20KW,Lakhimpur Kheri,20,28.01201889,80.32300058
Government Girls Ashram Method School Ranipar Santakbirnagar 20 KW.,Sant Kabir Nagar,20,26.74628003,83.03470257
Government Girls Ashram Method School Dhaganhariya Siddharthnagar 20KW,Siddharthnagar,20,27.36600414,82.92475013
Government Girls Ashram Method School Chhatiya Hardoi 20KW,Hardoi,20,27.34077598,80.42546588
Government Girls Ashram Method School Barsaidi Ayodhya 20KW,Ayodhya,20,26.7905744,82.21814638
Government Girls Ashram Method School Ghanshyampur Ayodhya 20KW,Ayodhya,20,26.80272087,82.21273289
Government Girls Ashram Method School Bhanpur Basti 20KW,Basti,20,27.00809889,82.66359371
Government Girls Ashram Method School Sakraura Gonda 20KW,Gonda,20,27.11437247,81.69211677
Government Girls Ashram Method School Narayanpur Pratapgarh 20KW,Pratapgarh,20,25.85544125,81.82556213
Government Girls Ashram Method School Mehnagar Azamgarh 20KW,Azamgarh,20,25.87723159,83.11611031
Government Girls Ashram Method School Raya Bhadohi 20KW,Bhadohi,20,25.40186043,82.55451923
Government Girls Ashram Method School Khasmau Khaga Fatehpur 20KW,Fatehpur,20,25.81586303,81.04008575
Government Girls Ashram Method School Saidpur Ghazipur 20KW,Ghazipur,20,25.57891667,83.57603734
Government Girls Ashram Method School Gyanpur Bhadohi 20KW,Bhadohi,20,25.34061624,82.49067217
Government Girls Ashram Method School Jahangirganj Ambedkar Nagar 20 KW.,Ambedkar Nagar,20,26.38565552,83.05082227
Government Ashram Method School (Girls) Bijnor 20KW,Bijnor,20,29.37413077,78.13589407
"Government Swachhakar Ashram Method School, Kalyanpur, Kanpur-20KW",Kanpur,20,26.50488482,80.25458789
"Government Swachhakar Ashram Method School, Itora Agra-20KW",Agra,20,27.08657821,77.97973057
"Government Ashram Method School, Kadhani Etawah-20 KW.",Etawah,20,26.85884558,79.03886379
"Government Ashram Method School, Kochha Bhanwar Jhansi 20KW",Jhansi,20,25.4702331,78.63685434
"Government Ashram Method School, Dunara Jhansi 20KW",Jhansi,20,25.46315835,78.70370005
"Government Ashram Method School, Hardauli Banda 20KW",Banda,20,25.49939439,80.33540926
"Government Girls Ashram Method School, Sardhua Chitrakoot 20KW",Chitrakoot,20,25.44002054,81.03774883
"Government Boys Ashram Method School, Awala Bareilly 20KW",Bareilly,20,28.27863659,79.14315569
"Government Ashram Method School, Charkhari, Mahoba 20KW",mahoba,20,25.4064908,79.76542455
"Government Ashram Method School, Poowarka Saharanpur 20 KW.",Saharanpur,20,30.03931313,77.66951525
"Government Ashram Method School, Didauli Saharanpur 20KW",Saharanpur,20,29.8587187,77.65058206
"Government Ashram Method School, Paidat Firozabad 20 KW.",Firozabad,20,27.16786861,78.39649671
"Government Ashram Method School, Dataganj Badayu 20KW",Badaun,20,28.0525759,79.40553604
"Government Ashram Method School, Rampur 20KW",Rampur,20,28.79240303,78.99811209
Nautanwa,Maharajganj,20,,
Government Boys Ashram Method School Chhauch Lakhimpur Kheri 20KW,Lakhimpur Kheri,20,27.94152836,80.76767042
"Government Boys Ashram Method School Belasparsua, Lakhimpur Kheri 20KW",Lakhimpur Kheri,20,28.49384615,80.87891788
Government Boys Ashram Method School Balapur Balrampur 20KW,Balrampur,20,27.42743978,82.17072823
Government Boys Ashram Method School Sirsia Shravasti 20KW,Shravasti,20,27.7798441,82.10335227
Government Boys Ashram Method School Bichhiya Bahraich 10KW,Bahraich,10,28.30379807,81.15310688
Government Boys Ashram Method School Vishunpur Vishram Balrampur 10 KW.,Balrampur,10,27.63160867,82.64426912
Government Boys Ashram Method School Chandanchowki Lakhimpur 10 KW.,Lakhimpur Kheri,10,28.53635988,80.76862041
"Gaushala Ayodhya'
Change of venue through letter no. 2823 dated 18.08.23",Ayodhya,50,26.79893971,82.19970805
Meerut Hatchery 65 KW,meerut,65,28.98993027,77.71569842
"Kasturba Gandhi Residential School, Nighasan Lakhimpur-05 K.W.",Lakhimpur Kheri,5,28.23641288,80.86133675
"Community Health Centre, Chandan Chowki, Palia Lakhimpur 5 KW.",Lakhimpur Kheri,5,28.4308183,80.58425039
"Primary Health Centre, Gauriphanta Palia Lakhimpur 5 KWt.",Lakhimpur Kheri,5,28.65077571,80.57322592
"Kasturba Gandhi Residential School, Bankeganj Lakhimpur-05 K.Wat.",Lakhimpur Kheri,5,28.15894203,80.41236007
"Kasturba Gandhi Residential School, Isanagar Lakhimpur 5 KWt.",Lakhimpur Kheri,5,27.89961372,81.20620416
Kasturba Gandhi Residential School Ramiyabehad Lakhimpur 5 KWt.,Lakhimpur Kheri,5,28.14139051,81.031218
"Cow shelter Lakhimpur 5 KW, located in Gram Panchayat Babauna development block Mitauli.",Lakhimpur Kheri,5,27.81764527,80.47764914
Kasturba Gandhi Residential School Dhaurahara Lakhimpur 3 KW.,Lakhimpur Kheri,3,28.00645476,81.09739229
Kasturba Gandhi Girls School Mandanpur Development Block-Avagarh Etahh 2 Km.,Etah,2,27.4467135,78.48517513
"Kasturba Gandhi Girls School, Muideenpur Development Block, Jaithra Etahh, 2 KW.",Etah,2,27.51410879,79.01901691
"Kasturba Gandhi Girls School, Pasiyapur Development Block, Jalesar Etahh, 2 Km.",Etah,2,27.48644328,78.30138907
"Kasturba Gandhi Girls School, Bijnor Development Block, Nidhauli Kalan, Etahh, 2 Km.",Etah,2,27.57854629,78.49794993
"Chaudhary Gyan Prakash Inter College, Kamalpur Khalsa Naugawan Amroha-06 KW",Amroha,6,29.03258974,78.42562038
"Saraswati Bal Shiksha NikEtahn, U.M. Jamuniha, Unnao-01 KWt.",Unnao,1,26.7183696,80.2391745
"Shivlal U.M.V., Bhadevara Goraiya, Sumerpur, Unnao-01 KW.",Unnao,1,26.28945269,80.81385429
"Savitri Devi Raghupanandan Prasad, IKA Shekhpur Kala, Unnao 1 KW.",Unnao,1,26.53777966,80.47075343
R.S.D.G Inter College Shigharpur Block Gantamuradabad Unnao 1 Km.Watt,Unnao,1,26.95128307,80.09312309
 Shanti Vidya Mandir Inter College Chakhanuman GanjMoradabad Unnao 1 KW.,Unnao,1,26.96539698,80.18169862
"Late Umesh Girls Inter College, Chakhanuman Ganj, Moradabad, Unnao, 1 Km.",Unnao,1,26.98993428,80.23980895
"Kalyani Public High School, Kalyani Devi Unnao 1 Km.",Unnao,1,26.55554485,80.49384173
Village Isepurtil Vikas Kadhla Shamli 03 KW, Shamli,3,29.46349029,77.31460539
Maa Sharda Shiksha NikEtahn Inter College Sahar Auraiya 01 KW.,Auraiya,1,26.74163631,79.60343309
Shri Gopal Krishna Inter College Baburipur Auraiya 01 KWt.,Auraiya,1,26.51234432,79.54325804
Pandit Beni Singh Bharat Inter College Bhitargaon Kanpur 01 KW,Kanpur,1,26.21350762,80.27912769
Maa Kasturba Girls Inter College Benajhawar Kanpur 01 KW,Kanpur,1,26.47659756,80.32935948
Government Girls Inter College Chunniganj Kanpur 01 KW,Kanpur,1,26.47829733,80.33630104
DHD Girls Inter College Kanpur 05 KW,Kanpur,5,26.48155192,80.34450502
"Chameleon Inspection Building, Balrampur-03KW",Balrampur,3,27.43044124,82.18181814
"Khairman, Balrampur-01KW",Balrampur,1,27.42844965,82.17898758
"Primary Health Center, Nigoh Hasanpur, Etahh-03 KWt.",Etah,3,27.50171366,78.80427102
"Community Health Centre, Bagwala, Etahh-10 KWt.",Etah,10,27.54959364,78.80590632
"Government Ashram Method School, Mehrauna, Deoria-05 KW",Deoria,5,26.50730399,83.85420363
"Gandak Colony, Kathkuiya Road, Padrauna Kushinagar-05 KWt.",Kushinagar,5,26.89294729,83.98373549
"District Education and Training Institute, Bhaugaon, Mainpuri-04 KWt.",Mainpuri,4,27.26361942,79.16593
"Village-Bari, Development Block- Reusa Gaushala, Sitapur-03 KW",Sitapur,3,27.54598694,81.2166757
"Village-Raisenpur, Development Block-Rampur Mathura, Sitapur-03 KW",Sitapur,3,27.36103625,81.31450757
"Kasturba Gandhi Girls School, Jajalpur Development Block-Aliganj, Etahh-02 KW",Etah,2,27.49422515,79.16692832
"Kasturba Gandhi Girls School, Piwari Development Block-Garhara, Etahh-02 KWt.",Etah,2,27.76937085,78.5521579
"Kasturba Gandhi Girls School, Kunawali Development Block-SheEtahlpur, Etahh-02 KWt.",Etah,2,27.54888154,78.67227166
"Agricultural Science Centre, Gajraula, Amroha-08KW",Amroha,8,28.83194875,78.24075528
"District Education and Training Institute Kath, Moradabad-02 KWt.",Amroha,2,29.05425383,78.62567298
"Industrial Experiment and Training Centre, under construction Center of Excellence for Food and VegEtahble, Saharanpur - 15 KW.
Work Order Divert Shivshankar Vanvasi Boys Hostel Building Ayodhya-15 KWt.",Ayodhya,15,29.97345035,77.55940205
"Government Polytechnic, Purush Chayavas Saharanpur-20KW",Saharanpur,20,29.97426713,77.52635955
"Regional Sports Officer, Baba Saheb Bhim Rao Ambedkar Stadium Saharanpur-15 KW.",Saharanpur,15,29.96550794,77.54218254
Savitribai Phule Government Women's Polytechnic Women's Hostel Saharanpur 10KW,Saharanpur,10,29.96970799,77.62060761
"Savitribai Phule Government Women's Polytechnic, (experimental study work and other government work) Saharanpur-05 K.W.",Saharanpur,5,29.96993022,77.62056181
"Government Women's Post Graduate College, Rampur-04 KV",Rampur,4,28.81288635,79.02679657
"Parasnath College, Jungle Gherath Kushinagar-04 KW.",Kushinagar,4,26.78324768,84.10496794
Development Block Complex Junavai Sambhal 10KW,Sambhal,10,28.19574659,78.50298347
Primary School Misira Sonbhadra 02KW,Sonbhadra,2,24.12105153,82.68790975
Primary School Kohraulia Sonbhadra 2 KW.,Sonbhadra,2,24.69272883,83.05278319
Gram Panchayat Salarpur Murtiha Government High School Bahraich 05 KW.,Bahraich,5,28.20187108,81.31554871
School proposed by Honorable MLA Vinod Awasthi ji Lakhimpurkhiri-02 KWt.,Lakhimpur Kheri,2,27.91582706,80.7623095
"Honorable MLA Vinod Awasthi ji KGBV, Palia Lakhimpur-05 KW",Lakhimpur Kheri,5,27.98838225,80.76786709
"KGBV, Pasgwa Lakhimpur 05 KW",Lakhimpur Kheri,5,27.74495962,79.8922058
"KGBV, Bangram Lakhimpur 05 KW",Lakhimpur Kheri,5,27.96273769,80.75717551
"R.K. Gandhi Vidyalaya, Sansarpur Lakhimpur 05 KW",Lakhimpur Kheri,5,27.95083888,80.79282776
"Health Centre-Gauri Fanta, Lakhimpur-05 KW",Lakhimpur Kheri,5,28.68147695,80.55422461
KGBV Lakhimpur 3 KW,Lakhimpur Kheri,3,27.95191106,80.79614862
"Sanvilyan Vishadarpur, Lakhimpur 03 KW",Lakhimpur Kheri,3,27.95016336,80.79875671
Council Merger v. Maharajnagar Lakhimpur-03 KW,Lakhimpur Kheri,3,27.94040594,80.76274167
District Jail Bijnor-15 KW,Bijnor,15,29.37469252,78.1315832
Primary Health Center Malawan Etahh-05 KWt.,Etah,5,27.47149205,78.82878769
Rural Self-Employment Training Institute Harchandrapur Kalan Etahh-10 KW.,Etah,10,27.51388847,78.7467457
"Kendriya Vidyalaya, Etahh-10KW",Etah,10,27.56024792,78.66372241
"Headmaster, Primary School, Chhanipathar, V.K., Mayorpur, Sonbhadra-02 KW",Sonbhadra,2,24.68513786,83.06849571
"Aale Ahmed Girls Inter College, Gujar Amroha-05 KW",Amroha,5,28.9053119,78.48431808
"I.M. Inter College, Amroha-08 KW",Amroha,8,28.90082577,78.4719588
"Large Cow Conservation Center of Village Balamau, Development Block- Kohna, Hardoi-05 KW",Hardoi,5,27.16796477,80.35258449
"Irrigation Department, First Section, Maharajganj-05 KW",Maharajganj,5,27.14240861,83.53840232
"Himalayan Public School, Maithripuram, Shahpur, Gorakhpur-02 KW",Gorakhpur,2,26.76877846,83.39350823
"Village-Khodhan, Development Block-Shivrajkumar, Tehsil Bilhaur, Kanpur- 03 KW",Kanpur,3,26.67672115,80.02721161
"M/s Jai Bhagwati Textiles, Meerut",meerut,25,28.92668008,77.65137665
"
M/s K.D. Prints, Meerut",meerut,25,28.92483059,77.65295694
"M/s Badre Munir, Azamgarh",Azamgarh,5,26.07540454,83.1895537
"K.G.B.V., Harchandrapur Kalan, Etahh",Etah,5,27.51443984,78.74345035
"Basant Shikshan Sansthan, Katari, Jamo, Amethi",Amethi,5,26.40378307,81.69257322
"M/s Vrindavan Taxfab, Hapur",Hapur,25,28.72554377,77.79095027
"M/s Ishwar Tax Fabrics, Hapur",Hapur,25,28.71276106,77.67435025
"Pre-Secondary School DanghEtah, Block-Bandev, Mathura-02 KW.",Mathura,2,27.42076292,77.79792036
"Saraswati Balika Vidya Mandir Inter College, Datia, Jhansi-05 KW.",Jhansi,5,25.46747072,78.57226396
Sanjay Van Park/Campus Kanpur Nagar,Kanpur,5,26.42770267,80.32870085
"Kasturba Gandhi Girls School, Haldaur",Bijnor,5,29.29230887,78.28946226
"Baragaon Inter College, Baragaon Jhansi-05 KW",Jhansi,5,25.4779923,78.71237298
